caption,id,male,female,gender_label,gpt4_gender
<start> a man sitting on a wooden bench in front of a building <eos>,3454a44b8771d14e9df63a3adee738,True,False,male,male
<start> a little boy holding a tennis racket in his hand <eos>,ba19968bb2ceccf874f1758539903e42,True,False,male,male
<start> a black and white photo of a man in a suit and tie <eos>,b7a73d236d822bfc0f381da227ec9,True,False,male,male
<start> a group of men standing next to each other on a street <eos>,f9c515ab8779336da7aa4c30cbaf0,True,False,male,male
<start> a picture of a man in a black and white photo of a sign <eos>,cd9d652c934fddd08c45915150e2b57b,True,False,male,male
<start> a close up picture of a man wearing a tie <eos>,6c442a2dd8f1c1ab42f3918df5a8feb,True,False,male,male
<start> a young man is doing a trick on a skateboard <eos>,daa40b749cb9bee7a05a9eefbf1f12,True,False,male,male
<start> a black and white photo of a man sitting on a couch with a remote <eos>,7173a4466a138859ad1c3957f96922,True,False,male,male
<start> a man riding a snowboard down the side of a hill <eos>,6f6f70abc3bb61d9ab2bc4589448367f,True,False,male,male
<start> a young man holding a cell phone in his hand <eos>,dbb373f9fa145d09f223b8d4294ccf,True,False,male,male
<start> a young boy is holding a toothbrush in his mouth <eos>,f35e40f42c58f0f463cea40dd5713,True,False,male,male
<start> a group of young men playing a game of soccer <eos>,4ed1252f4fe2752d762031677d70c052,True,False,male,male
<start> a couple of men standing next to each other in a room <eos>,4dd671d892441bf273132383acc67d,True,False,male,male
<start> a man wearing a white shirt and tie holding a white shirt <eos>,445adda3909084241ad4fd85d9ae68f,True,False,male,male
<start> a man is standing in the water near a body of water <eos>,faffc282915c8e96e86111a8892fb99,True,False,male,male
<start> a man sitting on a bench in the woods with a dog <eos>,ecf8e7f5886acc01b082126cdbd279,True,False,male,male
<start> a man holding a cell phone in front of a crowd of people <eos>,5ec66ab9a1d47b7123cffc0f882cd7e,True,False,male,male
<start> a picture of a man in a blue shirt and a white shirt <eos>,f48d4b33dc8576b1886c6fdc72ec418,True,False,male,male
<start> a man is standing in front of a building with a blue door <eos>,d3abe4947281719188f531cbfb4d30ab,True,False,male,male
<start> a man standing in front of a microphone in front of a microphone <eos>,51a38e67f1f49cac74a4d4323479f8d,True,False,male,male
<start> a young boy holding a baseball bat in front of a tree <eos>,8e7f9f858413db238f3acda2558e47b,True,False,male,male
<start> a person is holding a hot dog in his hand <eos>,1d6fc213b9369bcc4384c47aa25076,True,False,male,neutral
<start> a man is standing in the grass next to a skateboard <eos>,a742e4ad7048922c5fbfe293f4d80b2,True,False,male,male
<start> a group of young men playing a game of soccer <eos>,a4ea5c8a712d2d51d1ce1a059ba55ea,True,False,male,male
<start> a young man sitting on top of a wooden bench <eos>,a18bb658c959a9280b6cbf69cd92224,True,False,male,male
<start> an image of a man flying a kite in the air <eos>,f7ed91b17ca728377e17f2ede3a8c7,True,False,male,male
<start> a young boy and a boy playing a video game together in a living room <eos>,7ccadd9921bf50346680ad2f192734ea,True,False,male,male
<start> a group of men standing next to each other holding a wii controller <eos>,113715b3bcc86e244f9271bc802b31f8,True,False,male,male
<start> a young boy standing in front of a body of water holding a skateboard <eos>,fab69fd877499f98bb55254c066aaec,True,False,male,male
<start> a man sitting in front of a laptop computer <eos>,6f17cef5548fde90787892e546911c67,True,False,male,male
<start> a man standing in front of a laptop in a room <eos>,893f47ca8e9e32cc54ba6cc9d90c988,True,False,male,male
<start> a man riding a skate board on top of a body of water <eos>,4ae6c9c3967f138a12e20c71dd102e,True,False,male,male
<start> a man in a blue shirt is holding a colorful kite <eos>,c5ffbcc036d983c07e45a52b3e69c550,True,False,male,male
<start> a man is sitting at a table in front of a bowl of food <eos>,4b2cf135a04f83574ffbea8bc56f5f94,True,False,male,male
<start> a group of men standing next to each other on a cell phone <eos>,7939cbef772f2ef33d5455a7c223a364,True,False,male,male
<start> a man riding a surf board in the water <eos>,1a25bea7e2facfaaf236b982e9c61a1,True,False,male,male
<start> a young man standing next to a young boy in a wet suit <eos>,72e937982a45b6febd3c44c25c48ad2,True,False,male,male
<start> a man riding a snowboard down a snow covered slope <eos>,594cf28398d2ccdf9a4843e1a675b42,True,False,male,male
<start> a group of young men playing a game of frisbee in a park <eos>,221c1b70c74deec23abd198378d,True,False,male,male
<start> a group of young men standing in front of a tv <eos>,1c5d259ef07b739ce15decf77af4a9b,True,False,male,male
<start> a young boy standing in front of a brick building with a clock <eos>,323c90b59d120b6d3ed3663853116f4,True,False,male,male
<start> a man with a red tie is standing in front of a tree with a flower <eos>,69d69e71c1e12686dc36271cc3c86a66,True,False,male,male
<start> a couple of men standing next to each other in a forest <eos>,1424bb045ecbb79467ed33dddd7b2d,True,False,male,male
<start> a group of young men playing a game of soccer <eos>,79cb3f12ea5cca229dfff4dd35a8f831,True,False,male,male
<start> a young man is standing in front of the ocean <eos>,6590be58fdaf3d9625b6b834275cf715,True,False,male,male
<start> a man standing in front of a laptop computer <eos>,cc5f78909e27da6b31cd36332def59,True,False,male,male
<start> a young boy riding a skateboard on top of a dirt field <eos>,bb968ca0a2ca38e6bc6194af259bfcdb,True,False,male,male
<start> a man in a suit and tie standing next to a man <eos>,b42d206ddb9514ebe6b5872d6beded49,True,False,male,male
<start> a young boy wearing a white shirt and a tie <eos>,782ff7c5386e97d76e4175743660ffd3,True,False,male,male
<start> a man standing in front of a store with a sign on it and a man in a suit <eos>,22cf043f463d635eaf9652513df4b84,True,False,male,male
<start> a man is standing on a bench in front of a building <eos>,4b75d8e0fc2c0a207d83518abb4971,True,False,male,male
<start> a man is in a body of water in the ocean <eos>,f82246e6375c2c0c96642b89337677,True,False,male,male
<start> a man is holding a piece of food on a table <eos>,c6fedb4e21462837a73128d60433ce9,True,False,male,male
<start> a young boy is holding a knife in front of a crowd of people <eos>,71a4e13664c7e83bebfc8471389248b2,True,False,male,male
<start> a young boy playing with a frisbee on the beach <eos>,c38ba1ffe8256deb2b7a1bee29dc204f,True,False,male,male
<start> a young man holding a wii controller in his hands <eos>,d92d254c243889cbcf310e4427eb279,True,False,male,male
<start> a man sitting on the ground with a snowboard on the ground <eos>,43ffd3a3b5fbe7d6ec9f539923194ac7,True,False,male,male
<start> a group of men standing next to each other on a field <eos>,2a8679b9eeb4ef17f1584222a833eef,True,False,male,male
<start> a group of young men playing a game of tennis <eos>,f87ca57ee69c79ae11ef595ef6afabac,True,False,male,male
<start> a man in a suit standing in front of a christmas tree <eos>,602d1312721a7666b616df204c4a8b29,True,False,male,male
<start> a man standing in front of a mirror in a room <eos>,dbe65129a9f91b3eea74db2d04f1ef0,True,False,male,male
<start> a young boy is sitting in front of a chair <eos>,e1be9dd7ac6f4e345ef75bde28b435,True,False,male,male
<start> a man standing in front of a building with a clock on it <eos>,39e3037128bae6e7738528e47d7b39a,True,False,male,male
<start> a man walking down a street next to a tall building <eos>,487d1722e553ddc8a332881ec27060c6,True,False,male,male
<start> a man is holding a glass of wine and a drink <eos>,11f92ab6ef6df16db9557ef6d3f05,True,False,male,male
<start> a young man is standing next to a tree <eos>,4ea58b8c4a961c6514916bb26d7267cc,True,False,male,male
<start> a young man wearing a black shirt and a tie <eos>,1dd861e070a5e7768e1b7c5736bcc,True,False,male,male
<start> a young man is holding a cell phone in his hand <eos>,d5eb4bc28fabc83e4a088d25bec66d5,True,False,male,male
<start> a young man is sitting on a bench in the street <eos>,4e49adcbd9e82f4e36bd9d0f061cd35,True,False,male,male
<start> a man in a red shirt is holding a cell phone <eos>,95288ea013d29adde77a518f2c50b39,True,False,male,male
<start> a man standing in front of a building with a clock on the side <eos>,7968cc1fe4df58b628abf05c4d8c79,True,False,male,male
<start> a picture of a picture of a man on a skateboard <eos>,c958739889a62a8f815312d44fa766c,True,False,male,male
<start> a young man holding a wii controller in front of a christmas tree in a room <eos>,f21a4cea1bc3578e6a5fa251274d599e,True,False,male,male
<start> a man in a red shirt is standing next to a man in a red shirt <eos>,2b086ac3aa7bae4abc5bf2fd64daa4,True,False,male,male
<start> a group of people standing in front of a building with a man in the background <eos>,f0445114ae86a6453c9ddeb711a9fe66,True,False,male,neutral
<start> a man standing in front of a window with a blue sky <eos>,8aba1a82511afbef79ee7c831842d9,True,False,male,male
<start> a man in a suit and tie standing in front of a crowd of people <eos>,7aa9fd7af117531c12ad38f31247b19,True,False,male,male
<start> a man in a white shirt is holding a pizza in a kitchen <eos>,e67ca5248e5a426f44025eaf9fc046,True,False,male,male
<start> a man sitting in front of a store with a sign on it <eos>,8071bc76273f1bf831f6d861254f1d,True,False,male,male
<start> a man standing on a surfboard in the ocean with a surfboard <eos>,75898a65f79db42a3f804b3532c11fb2,True,False,male,male
<start> a young man standing in the grass with a frisbee in the background <eos>,7f449e9ec189faf61f524d336d9d682,True,False,male,male
<start> a picture of a man holding a pair of scissors and a sign <eos>,3fe48cb33d2edb831c7238672c7c650,True,False,male,male
<start> a young boy holding a tennis racket in his hand <eos>,25a67e946ec1c2b30c7dabef332f4,True,False,male,male
<start> a group of young men standing next to each other in a living room <eos>,dc2b839f5384d6579b5eeade69325877,True,False,male,male
<start> a young boy is holding a pair of scissors and a pair of scissors <eos>,f91096680ee9d1ddc9884c4fe347561,True,False,male,male
<start> a young man sitting on top of a zebra in a zoo enclosure <eos>,1c38e3a0501cdea129e369986a277318,True,False,male,male
<start> a man is taking a picture of himself in a mirror <eos>,f41e65048708c0dcd7411f92893cb,True,False,male,male
<start> a young man sitting on top of a chair with a hat <eos>,89373383ce8cf55533f2a57d842cf162,True,False,male,male
<start> a young man wearing a red shirt and a black tie <eos>,926da857e50dcfd5f674ab466ba3ca,True,False,male,male
<start> a group of young men playing a game of soccer on a field <eos>,a383a4e8e4bad19e8527773e703b94a2,True,False,male,male
<start> a man standing in front of a large truck with a motorcycle in it <eos>,bc1c2718b1fcf39409ed67a8db9c,True,False,male,male
<start> a young boy is playing soccer on a field <eos>,7c9b73e4ccbe1eda74e7e60cbee87f2,True,False,male,male
<start> a group of young men playing a game of soccer <eos>,3ecbf4b6e4f892b5b823ca7673f4c175,True,False,male,male
<start> a young boy standing on a beach holding a surf board <eos>,46a27b29bb7da615f328cd471449dcf3,True,False,male,male
<start> a couple of men sitting on top of a park bench <eos>,1fb88af7d1e1ec43d212afee539e6,True,False,male,male
<start> a man holding a cell phone in his hand <eos>,520d8319789efc159dcde4cffbc2db,True,False,male,male
<start> a small child is holding a baby in his mouth <eos>,779b395f037893482775f34b02e28a2,True,False,male,neutral
<start> a man sitting at a table with a cell phone in his mouth <eos>,fb76ecaacb58b1843eeb2c825ab162,True,False,male,male
<start> a young boy wearing a helmet and a hat <eos>,c5426693b77fc60ca46a2422fc39fd5,True,False,male,male
<start> a man standing in front of a tall building with a clock <eos>,98609dae1a3868221a6f5e184a639558,True,False,male,male
<start> a man standing in front of a street sign with a man in the background <eos>,848697af933334a41cbeb50586ebb73,True,False,male,male
<start> a little boy standing on a dirt road with a kite <eos>,f345c8f4d689f2c2bb6fceeb5b766,True,False,male,male
<start> a close up of a man holding a microphone <eos>,59dedbaab29d6d3bfdceace42a2a1e9,True,False,male,male
<start> a man is flying a kite in the middle of a field <eos>,10e4bd5ff86fd313f86844f353e2406c,True,False,male,male
<start> a group of young men playing a game of frisbee <eos>,73efb7e9a932893f6bbf0c0c9fb459b,True,False,male,male
<start> a man standing in front of a house with a surfboard <eos>,ccbc9ca6c1144de1585367457760bb,True,False,male,male
<start> an image of a picture of a man on a cell phone on a table <eos>,6344b62fed31d75b8a77e9925724e79d,True,False,male,male
<start> a man in a suit and tie standing in front of a crowd <eos>,916ea9b5e0ba7a25757b513056b1ab7e,True,False,male,male
<start> a group of men standing next to each other in front of a microphone <eos>,6ac48a20806743fc8ccab49fef91c4d1,True,False,male,male
<start> a group of young men playing a game of soccer <eos>,61fd1f1c1d737bc95e2521cbbfab80,True,False,male,male
<start> a group of young men standing next to each other in a living room <eos>,1338952cda6ad09bba3788d729da60a2,True,False,male,male
<start> a man riding on top of a skate board on a ramp <eos>,7da8bac03ba36ce4b4e78c3a61f90c6,True,False,male,male
<start> a man is riding on a bench in the middle of a river <eos>,5d8f27db993bce9444173740b8397cab,True,False,male,male
<start> an image of a black and white picture of a man <eos>,8e7864878e785e7cef11f6f587a5c89,True,False,male,male
<start> a man sitting on a couch holding a bottle of wine <eos>,dfbb3e1b3441a4cc09de3fd6e5bcc97,True,False,male,male
<start> a young boy holding a baseball bat on top of a field <eos>,a758342511790112249a1f7fdca1385,True,False,male,male
<start> a group of people standing next to each other in a room with a man <eos>,af80717af5477189ea5c8ce5bbdb2a,True,False,male,neutral
<start> a man standing in front of a flat screen tv in a room <eos>,fb5dc6762f3489b23b697af9fba946b,True,False,male,male
<start> a man in a baseball uniform holding a baseball bat <eos>,961ff3c56a775aa65b6864223b3fb0,True,False,male,male
<start> a man standing in front of a yellow and white airplane <eos>,d95eb7a1478c7bd0d53faff7baccf625,True,False,male,male
<start> a man holding a microphone in front of a crowd of people <eos>,d0eb3766e16cba5eb5a6fda987ca655,True,False,male,male
<start> a group of people standing in front of a table with a man <eos>,6a8184a37a673f7bc8a25218b3a611c1,True,False,male,neutral
<start> a group of people sitting at a picnic table with umbrellas and a man <eos>,c68cb4f1c299b75b386dac8e65a3c8b,True,False,male,neutral
<start> there is a picture of a man on a train station <eos>,989b4e2491e11b13a49986e3a577dd,True,False,male,male
<start> a group of young men standing next to each other in a field <eos>,3090436f949995799a8d4719d75e6f7e,True,False,male,male
<start> a close up shot of a man in a blue shirt with a blue shirt and a blue tie <eos>,c93bad617a16adb05ba95891b961c18d,True,False,male,male
<start> a young man is sitting in the back of a car <eos>,e5569a3205fcdfb9a9fe1a1ef48e160,True,False,male,male
<start> a man and a dog are walking down the street <eos>,8da5307aa25c3765cddb7eabe84ac86d,True,False,male,male
<start> a young boy is playing a video game on a field <eos>,87e2c7271592e71966ef931e58c61,True,False,male,male
<start> a young man holding a cell phone up to his ear <eos>,d4c5a7d06c22ce58f58cd3a07b1e7bcb,True,False,male,male
<start> a young boy is holding a toothbrush in his mouth <eos>,5fc88bc42c5b755590ff53432caa39c,True,False,male,male
<start> a man is standing next to a bike in a parking lot <eos>,c687248a7bc4f1d812a01ef9a2e1a93a,True,False,male,male
<start> a group of people sitting on top of a wooden bench with a man in the background <eos>,dccce7999a1a36b59b6ccccd2305b8a,True,False,male,neutral
<start> a man sitting on a bench looking at his cell phone <eos>,72565bafa7ecfaa413a3e7d869122518,True,False,male,male
<start> a man sitting on a chair in front of a table <eos>,4982da31e25cfa69356259ff1425a40,True,False,male,male
<start> a group of young men playing a game of frisbee <eos>,c2b6ea11cc33607a37c292b769b8bf8b,True,False,male,male
<start> there is a man standing in front of a building with a clock <eos>,101ac7fd669e90249d578c10d02c14fd,True,False,male,male
<start> a man standing next to a parking meter on a sidewalk <eos>,bc2096c7177d50da57e784d1268ef4f5,True,False,male,male
<start> a man standing in front of a yellow car with a dog on it <eos>,b6a4e9d4f4e8663be94049dc40e2184b,True,False,male,male
<start> a black and white photo of a man standing in front of a building with a sign <eos>,f29b7d4c7db4462c89ac97b1ff1806e,True,False,male,male
<start> a little boy sitting in front of a red and blue cake <eos>,9ef7d1358eab4fcc2999b5599dd38f2,True,False,male,male
<start> a close up view of a man in a red tie <eos>,872ab93992ae33d395f2a92e5f6c20cb,True,False,male,male
<start> a man standing in front of a brick building with a large clock <eos>,ae5ad2abb45a4149ee9f21ed75c6616,True,False,male,male
<start> a man sitting on top of a bench on a skateboard <eos>,d35f5d8597cd6420c59a743322762383,True,False,male,male
<start> a man is standing in front of a person holding a cell phone <eos>,bd1fe46878fa8b3ae7633c2931d9c63,True,False,male,male
<start> a man standing next to a street sign on a sidewalk <eos>,4ac2423b2ecf8ce6964f8e9d33eb79e,True,False,male,male
<start> a couple of men standing next to each other in front of a building <eos>,6ddf972536c47e0d0a896b43bd644,True,False,male,male
<start> a young boy holding a baby in his mouth <eos>,6be09061b9cc5f3abecf198778ad8932,True,False,male,male
<start> a little boy is standing in the middle of the ground <eos>,87531c74d9bda67abaddf72ef7213547,True,False,male,male
<start> a black and white photo of a man in a suit and tie <eos>,e22c56ceb6f6e8bafd446d6dbe6baf25,True,False,male,male
<start> a herd of cows grazing on a lush green field <eos>,b834b486adc4f3f40cf97afedee41d2,False,True,female,neutral
<start> a group of cows grazing in a grassy field <eos>,49b2eef94bc4cd9e7584f23665f571,False,True,female,neutral
<start> a young woman is standing in front of a mirror with a red hair <eos>,233ba10efbff770629cc58527a1f34,False,True,female,female
<start> a group of young women standing next to each other <eos>,e2799e314f6951a4798b7a56c3d04a,False,True,female,female
<start> a woman sitting on a couch with a laptop on her lap <eos>,3c6cff5d603f4c9d25df9db1e1634e5,False,True,female,female
<start> a woman sitting at a table in front of a table <eos>,605f8df72d6522b9947677c783015f9,False,True,female,female
<start> a young woman standing in front of a wall holding a tennis racquet <eos>,7d6e8dbe887736f7b3c0cc369206440,False,True,female,female
<start> a woman standing next to a body of water on a beach <eos>,184213f77c1a8d3cd6f6aa1d839651,False,True,female,female
<start> a woman standing in front of a store with a bag of luggage <eos>,1b805a9c556b85cc5283dfecda84c7b2,False,True,female,female
<start> a young girl is holding a pink rose in a vase <eos>,325414858c181874eb18f7b446bf66,False,True,female,female
<start> a young girl sitting in a chair in a bathroom <eos>,18fadcc9647db9713a4e16a10996a,False,True,female,female
<start> a young girl in a blue shirt is holding a white frisbee <eos>,454a8f89367776fef54398bc38b5b99,False,True,female,female
<start> a young woman sitting on a couch with a laptop <eos>,ac775b49968f714bae4df38f26ab9b6,False,True,female,female
<start> a little girl sitting in a chair next to a little girl <eos>,76c939e61c37b77b9e215bab150,False,True,female,female
<start> a young girl is eating a piece of cake <eos>,57f69bc080d893ddaf6cd18b53c489f,False,True,female,female
<start> a young woman is preparing food on a kitchen counter <eos>,69a6eb45b6f41f4b659867b502816b5,False,True,female,female
<start> a young girl holding a pair of skis in the snow <eos>,1a781379f419e56aaf5d677db2b6385a,False,True,female,female
<start> a woman standing in front of a mirror with a picture of a woman in a dress <eos>,306ee019c46fd9e0657335fd39eecfa6,False,True,female,female
<start> a young woman sitting on a wooden bench in front of a tree <eos>,b2516f8179143ab74ca8e2261a84e,False,True,female,female
<start> a couple of women standing next to each other on a field <eos>,9a471fa16d2f5311d391b0e604c1a92,False,True,female,female
<start> a woman sitting on a chair talking on a cell phone <eos>,d12eafca493f9718cca72b7c815ea831,False,True,female,female
<start> a woman in a bikini riding a surfboard on the beach <eos>,adea147ae03339d911f955856c1df7e2,False,True,female,female
<start> a young girl is holding a cell phone in her hand <eos>,e2a557cc8541753c11324a2e339358b,False,True,female,female
<start> a woman sitting at a table in front of a bottle of wine <eos>,8c2c6ae54004f7d8e20db4d96c047ef,False,True,female,female
<start> a woman standing in front of a wooden fence <eos>,995339f78a58b84421169f8a501d48,False,True,female,female
<start> a young girl standing in front of a building with a surfboard in the background <eos>,db7c7130a3b4f8a563b154d42aac1e2,False,True,female,female
<start> a young woman is holding a piece of cake <eos>,b55e7864a1564db010127d1ad4c41d7,False,True,female,female
<start> a young woman sitting on top of a bench in front of a building <eos>,e7206b6ef7cdd75b902f2ed4c5f3fb7,False,True,female,female
<start> a woman sitting in front of a mirror in a mirror <eos>,33582ac711caead9ec31c6b69cb39,False,True,female,female
<start> a woman standing in front of a refrigerator in a kitchen <eos>,a6eb86e43670f798e162fd56b9a95c0,False,True,female,female
<start> a little girl standing in front of a building with a teddy bear <eos>,7996bb5ba1b883e68a3a75a9db1816,False,True,female,female
<start> a group of young girls standing next to each other on a bench <eos>,4386cc5fe991622fef8ada65447fc71,False,True,female,female
<start> a woman sitting on a bench in front of a building <eos>,bfbf7c843125515655d8759e67f76ed2,False,True,female,female
<start> a woman laying on a bed next to a cat on a bed <eos>,e945148a6f4b88e5263eda641c16b,False,True,female,female
<start> a young girl sitting on top of a bed with a blue and white blanket <eos>,b596bfbd7810db7287f1cf7eb6789e4,False,True,female,female
<start> a young woman sitting in front of a mirror with a camera in her mouth <eos>,e136cb336b102cfcc6ef66efa965535,False,True,female,female
<start> a woman and a woman sitting on top of a tennis court <eos>,7c9e25e4400d4601d3a5a36061cc86,False,True,female,female
<start> a young woman wearing a blue shirt and a blue tie <eos>,d38e657ecb256949e1abbd6cba7589e,False,True,female,female
<start> a young girl holding a tennis racket in her hand <eos>,b8b162469f69fa628339946783567d6,False,True,female,female
<start> a little girl sitting on top of a bed next to a pile of books <eos>,d1a5951e2f1e3b3c8733b2d4132f5228,False,True,female,female
<start> a young girl is flying a kite in the sky <eos>,51cd161a174c203d83965d7863346b46,False,True,female,female
<start> a young girl walking down the street with an umbrella in the background <eos>,c8964297c3e7395e2a72ee29d824592,False,True,female,female
<start> a young woman standing on the beach holding a surfboard <eos>,c184295f22b31dfbee2649c539b1e243,False,True,female,female
<start> a young woman sitting in front of a laptop on a laptop <eos>,5945b47c6716bd01b342b2cbaee14,False,True,female,female
<start> a young girl in a pink shirt is playing a video game with a woman in a blue dress <eos>,87599cf7ffc13cfee4dd8b5a6d18311,False,True,female,female
<start> a young girl is holding a stuffed animal on a table <eos>,be9ea669e29d5776511aa433db371fc,False,True,female,female
<start> a woman sitting at a table in front of a building in a room <eos>,de7334f7744919e6d22ed8e276286c,False,True,female,female
<start> a group of cows standing in a field of grass <eos>,9c7c1734589d59ce61ff89301e621b1d,False,True,female,neutral
<start> a little girl sitting on the ground with a teddy bear on her head <eos>,776ef32d71d09a161c13cbffc7bb748,False,True,female,female
<start> a woman sitting on top of a wooden table with a basket of bananas <eos>,9f4d83548cbe248e20d1935f4524fe,False,True,female,female
<start> a group of cows grazing in a grassy field <eos>,47fab4303a9597623ccfcb9615b4a4,False,True,female,neutral
<start> a little girl is holding a teddy bear on the ground <eos>,1f97e2061666ff74728e0eaac8a87,False,True,female,female
<start> a woman standing in front of a building with a sign on it <eos>,113247fc7e37d4db16c9d092864bf255,False,True,female,female
<start> a young girl is sitting on a bench with a cell phone <eos>,a4f38536c0681be1881e4cd0ffe96819,False,True,female,female
<start> a young girl is holding a pair of scissors and a knife <eos>,46e78f3052eac81b50ef6572cc95fb5e,False,True,female,female
<start> a young girl holding an umbrella in front of a building <eos>,f585a8501b6cf1275c83a4a84b8c70a5,False,True,female,female
<start> a woman is cutting a cake on top of a table <eos>,a7eb2e7b5fdc944b82d6dd26343e57d,False,True,female,female
<start> a woman is holding a black and white hair <eos>,28a3609e8a32e3b39782c027820b996,False,True,female,female
<start> a group of people sitting in a living room with a woman <eos>,d631aaf8f985fa30929f715c8cc1199,False,True,female,female
<start> a woman sitting in front of a microwave oven with a knife <eos>,a9b559a8a0ebf4a7f45abd43343d8f9,False,True,female,female
<start> a young girl wearing a pink shirt and a tie <eos>,2af2936c9f804ecee3163c0d7298c3e,False,True,female,female
<start> a little girl is holding a white teddy bear in her hand <eos>,46a17494571c4c286709477e49391f7,False,True,female,female
<start> a woman in a bikini riding a surf board in the water <eos>,13ba2f11987fb08b24db952e73737b77,False,True,female,female
<start> a little girl sitting in front of a table with a laptop <eos>,3932f2acd998d99bd898d8a68c11ed5,False,True,female,female
<start> a young girl sitting on a bench in front of a christmas tree <eos>,feabcdbfe79e9253a1ae2cb11774a35c,False,True,female,female
<start> a group of young girls standing next to each other on a stage <eos>,cfa912e77f9253c4b02036bcfef8bb27,False,True,female,female
<start> a young woman holding a nintendo wii game controller in front of a television <eos>,669c1a80cca4d478cb4360ad3dcfc73,False,True,female,female
<start> a young girl is holding a blue and white umbrella <eos>,59d9e9a520eeee977cd136661fd459b,False,True,female,female
<start> a woman and a young girl are posing for a picture <eos>,c12eb488f999bc5fcbc21d48596703d,False,True,female,female
<start> a young woman standing in front of a microphone <eos>,b852726f6f811267da311e1e9955aa6,False,True,female,female
<start> a woman wearing a red hat is standing next to a red and white umbrella <eos>,e03e2634cecfacc0c85c53164e66bb59,False,True,female,female
<start> a woman and a woman standing next to each other on a cell phone while holding a red and white umbrella <eos>,489627b8aa50e7f530f8817657fbad,False,True,female,female
<start> a woman holding a plate of food in front of a woman <eos>,c41c927b121a829b7ec5ac8f076cb7,False,True,female,female
<start> a young woman in a dress is holding a cell phone to her ear <eos>,964e13440cbb27c812955014851e6,False,True,female,female
<start> a young woman holding a teddy bear in the background <eos>,52cdbace91ee36ed499551c96e64aea3,False,True,female,female
<start> a little girl is holding a laptop computer in her hand <eos>,eef1c54b3b51b1c380e32c671c45737,False,True,female,female
<start> a couple of women standing next to each other on the floor <eos>,755a644beb4b685ac5aaeb9f4c9a1f2,False,True,female,female
<start> a woman in a black shirt is holding a cell phone in her hand <eos>,edf1d7d1216129cb973a19aeb322559f,False,True,female,female
<start> a young girl is holding a tennis racket in her hand <eos>,91d2d130d0bfa4d86afe1fb8904a,False,True,female,female
<start> a little girl is playing with a stuffed animal <eos>,a158f9a422c74431b07fb76035c5474,False,True,female,female
<start> a woman and a woman standing next to each other in front of a tent <eos>,a96fc3dcaa1ef5914c82ecddbac72b2a,False,True,female,female
<start> a young woman is standing on a sidewalk holding a tennis racket <eos>,a05b2778236dbe0db72444746cb67c2,False,True,female,female
<start> a woman and a woman are sitting in a room <eos>,5939a4a79b85a4a3907646fa62a4c59,False,True,female,female
<start> a young woman wearing sunglasses and sunglasses sitting on a bench with a dog in the background <eos>,ec2d396e5916c6a8c4d7a83557ba28f,False,True,female,female
<start> a young girl is riding a skateboard down the street <eos>,35facb2656160b497527f88e43375b6,False,True,female,female
<start> a young girl kicking a soccer ball on a field <eos>,9593be95ff42433b26ba49ab23dde56,False,True,female,female
<start> a young girl wearing a black shirt and a black tie <eos>,c42a860c2f09573ab834b1310545054,False,True,female,female
<start> a young woman wearing a white shirt and a black tie <eos>,edc08a5d7d92dfb1b6996d14c680b4,False,True,female,female
<start> a couple of cows standing next to each other on a dirt field <eos>,27343531ec6ae020602b17d53401f81,False,True,female,neutral
<start> a little girl in a pink shirt is playing a video game <eos>,bf84ba7fb0f17d295852f1e062568e65,False,True,female,female
<start> a woman is taking a picture of herself in a mirror <eos>,5ed97cfcb9ba51922e6da1d4ca88dc5,False,True,female,female
<start> a woman sitting at a table in front of a cake <eos>,db696c6a6fcb9fc980e7351f77fa846b,False,True,female,female
<start> a young girl sitting on the side of the road with a pink umbrella <eos>,9dafce82c175f9c3334eb25d4e855,False,True,female,female
<start> a young girl sitting on a chair in front of a mirror <eos>,f44e2221e2d67288a5dd212b1884f1f,False,True,female,female
<start> a young girl is holding a pair of scissors on a table <eos>,23c5f892864dbcd4539f69df6dfbf,False,True,female,female
<start> a young woman holding a tennis racket in her hand <eos>,3834dd18df8cf013d945663cb7a89343,False,True,female,female
<start> a woman standing next to the ocean with a surfboard <eos>,3f06bdc29eb24a33cc619b199477a5d,False,True,female,female
<start> a woman brushing her teeth with a tooth brush <eos>,7958aec375516b408580af59afa590d3,False,True,female,female
<start> a young girl is holding a pair of scissors and a woman <eos>,d3544fd6fe4e392c739e621141ceb861,False,True,female,female
<start> a little girl in a pink shirt is holding a toothbrush in her hand <eos>,e9514ea796888ed0b75e38118b984cc3,False,True,female,female
<start> a group of young girls sitting on top of a couch <eos>,bea7130c5d4d27cbfe2b3cec9d11e,False,True,female,female
<start> a large brown cow standing next to a wooden fence <eos>,412b6b51b0651fc73926c13341d,False,True,female,neutral
<start> a young woman sitting at a table in front of a laptop computer <eos>,4170c93caaa6bdffa64e8ff8138b0aa,False,True,female,female
<start> a woman sitting in a chair in front of a mirror <eos>,e92eda9dddc6655fa8c0aebfc18ec7,False,True,female,female
<start> a young woman in a black shirt and a black tie <eos>,117569c5658ac5cf4445cc9e831af7,False,True,female,female
<start> a little girl in a pink shirt and a hat holding a baby <eos>,9b1dc373c7fa54d0dabfcdef6b47d16a,False,True,female,female
<start> a group of young women standing next to each other in a living room <eos>,85392e73c873ef529ebbb1734df31e9,False,True,female,female
<start> a young woman sitting on a couch with a child <eos>,bdf8cc27db3b71901e7b40a1d65a877b,False,True,female,female
<start> a woman standing in front of a table with a pair of scissors <eos>,f9e2104479cff8597f29195991953b0,False,True,female,female
<start> a woman sitting on top of a wooden bench in a forest <eos>,30cfa99634e656259b2d5137598a5fc,False,True,female,female
<start> a little girl holding a little girl in her hand <eos>,ec958648be153f23e74cb5b79d4bc6,False,True,female,female
<start> a young woman sitting at a table with a cell phone in her hand <eos>,db1f4bb74ab0a0827c5fae4b75ce87b2,False,True,female,female
<start> a black and white photo of a woman in a white dress <eos>,57c7f2b325e1513dc289f2d114fccf,False,True,female,female
<start> a young woman holding a toothbrush in her hand <eos>,ca529c646376563c74417c2b8746930,False,True,female,female
<start> a young girl standing on the side of the road with a frisbee <eos>,d9694c3918573c75d13928a940e88e,False,True,female,female
<start> a woman standing in front of a christmas tree in a room <eos>,ee955a473a951a23f24d5eba83e9946,False,True,female,female
<start> a woman in a black shirt is holding a teddy bear in a room <eos>,6435b94694d4a78834df50111fb7fe81,False,True,female,female
<start> a young girl wearing a red hat is holding an umbrella and a hat <eos>,5c4d1cf4cb2f40f9fde7826c2254e14,False,True,female,female
<start> a woman wearing a red shirt and a black tie <eos>,ca42adda765ee67e4721d833d3cc5e7c,False,True,female,female
<start> a woman standing in front of a christmas tree in front of a christmas tree <eos>,f94298058cda31cda12fb79c254aab,False,True,female,female
<start> a woman holding a pair of scissors in her hands <eos>,6de88c26664574dad3e41fb24a7e76ff,False,True,female,female
<start> a woman in a blue jacket is holding a snowboard in the air <eos>,2adb50345fe1adca44a97e3eb3a1540,False,True,female,female
<start> a little girl is holding a baby in her hand <eos>,1b4f9cbabd3ef31256a125e7668e3a64,False,True,female,female
<start> a woman holding a glass of wine in front of a mirror <eos>,ef5ae081a57e3af28ef1a2c4490b4ba,False,True,female,female
<start> a woman standing on a beach near a body of water <eos>,f12d5f3be029fbb1ebe499231c569756,False,True,female,female
<start> a young woman standing next to a wooden bench on a bridge <eos>,a4ab7f2ebd66f9ca8e2737312bd5f27,False,True,female,female
<start> a woman and a woman are cutting a wedding cake <eos>,8f87bbd657065a62b38c7f122e812,False,True,female,female
<start> a woman sitting at a table in front of a bunch of food <eos>,bc132034f1cd520e963aec8bda44a7e,False,True,female,female
<start> a young girl is sitting on a bench with a dog <eos>,23cfcaf339f15f36551ef929def832,False,True,female,female
<start> a woman standing in front of a brick building with a clock <eos>,9b68c9ba25debad6c22a6f2d89d3fa,False,True,female,female
<start> a little girl sitting next to a child in a chair <eos>,952667e29afad10ce2e3b03e45b7e9,False,True,female,neutral
<start> a woman sitting on top of a wooden bench in front of a building <eos>,fefadc7db4c4a34d637695d408bc42a,False,True,female,female
<start> a young woman holding a cell phone in her hand <eos>,f05b11f634b3928785c333263ceade,False,True,female,female
<start> a young woman in a pink dress shirt and tie <eos>,abe77a83740f116d125141153fe89af,False,True,female,female
<start> a young woman holding a pair of scissors on a tennis court <eos>,46283e3150f49a91d0782941b5527780,False,True,female,female
<start> a little girl brushing her teeth in a bathroom <eos>,33dc58dbd262af4a41a1e8766646eadf,False,True,female,female
<start> a group of cows standing on top of each other in a room <eos>,f42139f263c48f3321794ab4f08c6d,False,True,female,neutral
<start> a young woman sitting on a couch holding a nintendo wii controller <eos>,b79cc3c2af7416cc8f4ff79ce0d5d023,False,True,female,female
<start> a little girl sitting on the ground holding a cell phone <eos>,86ec7f3699499a2498f5c4d33bb5c4bb,False,True,female,female
<start> a woman in a pink shirt is holding an umbrella and a woman <eos>,2ee05c833071c25dd115307250b3d43d,False,True,female,female
<start> a young woman in a red dress is holding a red and white frisbee <eos>,a4577e1117556ec832c8d668984ba8,False,True,female,female
<start> a young woman is brushing her teeth with a tooth brush <eos>,67c3c71fc5384eddcd76109b6245e5e7,False,True,female,female
<start> a young woman standing in a field holding a frisbee <eos>,9f4fde51126fd95a11a5d0d1ba90d65a,False,True,female,female
<start> a young woman sitting at a table with a plate of food on a table <eos>,87ff324b5ed4fc24c993d65bd87a9cb,False,True,female,female
<start> a young girl is sitting on a bed with a cell phone <eos>,8e11231292afe2b269e0fde01f48,False,True,female,female
<start> a young woman is sitting on a bench with her cell phone <eos>,3962e1294761e188521d93ba89e7f7e9,False,True,female,female
<start> a woman sitting on a couch with a dog in her hand <eos>,32f6ca46662eaa7bd585607c16f015,False,True,female,female
<start> a woman sitting on top of a bench in a field <eos>,431024cc93b6f11f9ce00e08bfeacee,False,True,female,female
<start> a cow standing next to a black and white cow <eos>,a02a4b9de7926fcecf473f97879b7ca1,False,True,female,neutral
<start> a woman talking on a cell phone in front of some trees <eos>,a79ba421862480b9baa49e1b7a57a14,False,True,female,female
<start> a group of people sitting at a table with a cake and a candle <eos>,d0d74c23e836de9e1bf43e187c13726d,False,False,neutral,neutral
<start> a group of people standing next to each other on the water <eos>,6671f0c82b6663a6ecd56a0b862b37,False,False,neutral,neutral
<start> a tall building with a clock on top of it <eos>,945442198dce66f4c0cdc8f6d6847f55,False,False,neutral,neutral
<start> a herd of animals that are in a field <eos>,98889fb64ad09821a3604e3fe171fa60,False,False,neutral,neutral
<start> a table with a glass of wine and a glass of wine <eos>,89ed3982a928ce423c71aa86112b9d80,False,False,neutral,neutral
<start> a group of people standing next to each other in a room <eos>,504c9045a4c4a4123d9af02da75726,False,False,neutral,neutral
<start> a view of a large body of water with trees in the background <eos>,8ebab79ad68f7581bf9489267e24823,False,False,neutral,neutral
<start> a close up view of a blue sky with a blue sky background <eos>,c063fae7838ef0f4f664f93f337de6,False,False,neutral,neutral
<start> a group of people standing in front of an airplane with a large clock <eos>,317c29a3468816d3ddcb1851384bb4,False,False,neutral,neutral
<start> an old house with a wooden bench in front of a house <eos>,5757a19154127c5a3b1e565116d6997,False,False,neutral,neutral
<start> a group of people sitting in a living room playing a video game <eos>,26445ee71134ddc3583c3b11e33c1b48,False,False,neutral,neutral
<start> a close up view of a bunch of trees <eos>,e8106b5a2cb63a32c3a13c75b4c872d,False,False,neutral,neutral
<start> a close up shot of a blue and white photo <eos>,b050389d1626c071c9921681a32d7f4,False,False,neutral,neutral
<start> a view of a city with a city skyline in the background <eos>,a8feef62904be24f570de5b0f64ade,False,False,neutral,neutral
<start> a close up of a person holding a stuffed animal on a table <eos>,8a5787ebe0e91cc297e6e62c89d64c5,False,False,neutral,neutral
<start> a street sign on the side of a road with trees in the background <eos>,755c766cc0759f79b0ca1e2c12402caa,False,False,neutral,neutral
<start> a person standing next to a mountain in a field <eos>,53b730707046218b057645c828aa6b8,False,False,neutral,neutral
<start> a group of people standing next to each other in a room <eos>,529d32acc3e78cbdf9702cfd5cce6ce5,False,False,neutral,neutral
<start> a group of people sitting at a table in a restaurant <eos>,b16ca7ed1ab3a903fc6011852e156d,False,False,neutral,neutral
<start> a view of a window with a large window in the background <eos>,10c7832f455bd6c6dee44e1bdfc041da,False,False,neutral,neutral
<start> a train on a track near a mountain side <eos>,d51a1cfbbeb4359e18840a07d9e3620,False,False,neutral,neutral
<start> there is a stop sign on the side of the road <eos>,d6c9ba9a36b234abde4eec11e6bb1326,False,False,neutral,neutral
<start> a person riding a skate board on a road <eos>,31ec1465a9d44e67c2550672458b061,False,False,neutral,neutral
<start> an airplane is parked on the tarmac at an airport <eos>,f7fd54f1ebdd1f1d111d8c0847dd5f,False,False,neutral,neutral
<start> a bird standing in the middle of a grassy field <eos>,cd2fbec6797d76b64eb367ab1578394e,False,False,neutral,neutral
<start> a traffic light on a busy city street with a building <eos>,f3d78582ac65f482bcc6e731a07db8fd,False,False,neutral,neutral
<start> a street sign that is on the side of a building with a sky background <eos>,fa6a46e5aadf9c697f8cb81fd5e02dfa,False,False,neutral,neutral
<start> a close up view of a green and green field with a green sky <eos>,ee7b489aedd6bf474e794965b8ec362,False,False,neutral,neutral
<start> a group of people standing in the middle of a city <eos>,a038694df47d898cd8ab596311702e27,False,False,neutral,neutral
<start> a cat sitting on top of a table next to a window <eos>,3e21e2c048d7e4ce13e615ed892895,False,False,neutral,neutral
<start> a bunch of flowers in a grassy area with flowers <eos>,d75e334c3e2d9889d68a0f82270d539,False,False,neutral,neutral
<start> a large building with a clock on top of it <eos>,7743fdc9bd95167da55576437cb38b95,False,False,neutral,neutral
<start> a pair of scissors sitting on top of a blanket on a bed <eos>,a26bb01ecf362e62b390306616b87f2,False,False,neutral,neutral
<start> a house that has a house in front of it <eos>,b7ec559451edb769a2a72d71a5e76296,False,False,neutral,neutral
<start> a close shot of a black and white photo of a person <eos>,aed26182ed44b2164e37c2ded305536,False,False,neutral,neutral
<start> a group of people standing next to each other on the street <eos>,6a402a4630948744e5d0cfeced574169,False,False,neutral,neutral
<start> a bus parked in front of a tree in the woods <eos>,df65d0b765327b48a3b4026f63f1b43,False,False,neutral,neutral
<start> a tall building with a clock on top of it in the background <eos>,2fb315ccf24b9ee5a64d21facf552d1,False,False,neutral,neutral
<start> a wooden bench in the middle of a field <eos>,e22cffdad8421cbad89272f2497a6b53,False,False,neutral,neutral
<start> a small vase filled with pink flowers in a vase <eos>,4bac54dd652bbc37d2d1b278d0dce779,False,False,neutral,neutral
<start> a group of people standing in front of a building <eos>,848c8cd32a6576e49cec66a59e399b,False,False,neutral,neutral
<start> a group of animals sitting in the grass next to some rocks <eos>,ea7aec58407a1b3e81ae246eb6d9b9,False,False,neutral,neutral
<start> a large building with a clock on top of it <eos>,228ba18a59de67cae9695239c0cda4a0,False,False,neutral,neutral
<start> a group of people sitting at a picnic table eating food <eos>,a8765a96b06737adbd914a7f4d641ff5,False,False,neutral,neutral
<start> a close up view of a bird on the ground with a bird in the background <eos>,f84977e4020df9d81e4c3e492b86bc,False,False,neutral,neutral
<start> there is a beach that has a bunch of boats in the background <eos>,3112f7bdee29e47222cf22ef797554,False,False,neutral,neutral
<start> a close up of a sign on the side of a building <eos>,19acbfbb2e2f3d7cc58c140f2ef45,False,False,neutral,neutral
<start> a bunch of birds sitting on the ground in a dirt field <eos>,f7987dc2647ed35159e6d7cd517e4d9,False,False,neutral,neutral
<start> a cat sitting on top of a metal wire fence <eos>,c38c6ad3d2a1aae8e9f786ded25bd9c0,False,False,neutral,neutral
<start> a group of people sitting at a table with a laptop <eos>,771b5489833e7b8a222b2c474a9762,False,False,neutral,neutral
<start> a car is parked on the side of the road <eos>,45c43b9be25698567763a5bd363c277,False,False,neutral,neutral
<start> a train is on the tracks in a train station <eos>,e93486b4c5194a57dcb961259f2c2c0,False,False,neutral,neutral
<start> a black and white photo of a building in the background <eos>,c7c0ace57fcb0753538b966877f3d9,False,False,neutral,neutral
<start> a white house with a red and white house in the background <eos>,23af9c8b1e109be8b0a48efaa7905e,False,False,neutral,neutral
<start> a car driving down a street next to a traffic light <eos>,8151f736ad522d6b56c16a124a0f0,False,False,neutral,neutral
<start> an old brick building with a clock on the side of it <eos>,d58745d9da6b7a95f14f61249b2d2cd7,False,False,neutral,neutral
<start> an old brick building with a clock on the side <eos>,ff76bd255833bb135e1935ea693e138,False,False,neutral,neutral
<start> a group of young people standing next to each other on a street <eos>,b679d6d313111acd67edd578db758fa,False,False,neutral,neutral
<start> a house with a house in front of a house <eos>,7511facf7ac6a02d6493cec449a4258,False,False,neutral,neutral
<start> a man and a woman sitting at a table with a cake <eos>,731952134f6bfebaaa97793d2e7a224,True,True,neutral,neutral
<start> a bunch of different types of different kinds of donuts <eos>,77c4c45b5f0e48de1fe7d82b2f4ec68,False,False,neutral,neutral
<start> there is a mountain in the middle of the mountains <eos>,48483e7ecb61eb46dc99f5f32e7adca9,False,False,neutral,neutral
<start> a group of people standing next to each other on a beach <eos>,bc1015ac581f70a735b38ff48381e1ed,False,False,neutral,neutral
<start> a red stop sign sitting on the side of the street <eos>,be71d5cc25b22fc19a3e41755c7c84e,False,False,neutral,neutral
<start> a large tree in the middle of a green forest <eos>,d7b86258765111a2dbfb523528f4ff0,False,False,neutral,neutral
<start> a view of some mountains in the mountains <eos>,e2b667cb3226c2c6a6f37acfb970178,False,False,neutral,neutral
<start> a person is walking down a street with an umbrella in the background <eos>,796b83c513ad12b83e90cc7a969157,False,False,neutral,neutral
<start> a table topped with a cake and a bottle of wine <eos>,c390d9b150a6979148ecf4a202b4443,False,False,neutral,neutral
<start> a stone wall in a park with a lot of grass <eos>,99158b80d5bc2a1da7d5a37e0e138a7,False,False,neutral,neutral
<start> a group of people standing on top of a body of water <eos>,e3d5373c89762fb5821f5a74a81eac94,False,False,neutral,neutral
<start> a view of a car driving down the road <eos>,137773883aee71e3981717cfe4c3e86e,False,False,neutral,neutral
<start> a large building with a clock on the side of the road <eos>,d94e91ca66dd84bd5597fafad3bf19c7,False,False,neutral,neutral
<start> a sandy beach with a large body of water and a clock on the beach <eos>,4b7545188188c4c42e777ade147c1de,False,False,neutral,neutral
<start> a bird is perched on a wooden bench in a garden <eos>,6da32e61d6b8631aced5f2963fd630,False,False,neutral,neutral
<start> a field filled with lots of trees in a field <eos>,1afc6422a1c8773c6c6d2599fcbae3f,False,False,neutral,neutral
<start> a plate of food that is on a table <eos>,614b2b3463b83def29a695916704cd0,False,False,neutral,neutral
<start> a close up picture of a stuffed animal on a table <eos>,4d698225b8136149475a280a6544df,False,False,neutral,neutral
<start> a bunch of electronic devices sitting on top of a green light <eos>,3ea197ff9c4d6c22ef9153fd1623f39c,False,False,neutral,neutral
<start> a black and white photo of a clock on a cloudy day <eos>,fca33b93296a67f1f325db297d25543,False,False,neutral,neutral
<start> a bunch of cars are parked next to each other on a snowy day <eos>,bcf03e5c1f1a7677d72bd553ad8b208,False,False,neutral,neutral
<start> a group of people standing on top of a lush green hillside <eos>,1a5efa1d911d5abbbd23de11e21e165d,False,False,neutral,neutral
<start> a close up picture of a stuffed animal on a table <eos>,f5f58cd50f3f293b3819f64977de59d,False,False,neutral,neutral
<start> a person riding a motorcycle down the street <eos>,f9ff9664c248b5fb8d3a3cb5cc25279,False,False,neutral,neutral
<start> a couple of people standing next to each other on a couch with a remote <eos>,44fc19abbfeb2b7716842a835fe1b67,False,False,neutral,neutral
<start> a red stop sign sitting on top of a lush green field <eos>,35f03baf4f4ea15a867bea79b7d2a69,False,False,neutral,neutral
<start> a group of people standing next to each other on a sidewalk <eos>,a07bc26866d2edc86ea69d6dfe0f33c,False,False,neutral,neutral
<start> a dog standing in the middle of a snow covered field <eos>,a360ac62b6d78d2cc9747e56f7380d,False,False,neutral,neutral
<start> a close up view of an airplane on the ground <eos>,948abd24c4c96446ad2c6fc6de1a837c,False,False,neutral,neutral
<start> a red car parked on the side of the road <eos>,92b0c2fe67665a9d9e4f7d53932c3144,False,False,neutral,neutral
<start> a man and a woman standing next to each other in front of a mirror <eos>,f3b0ab9518ec215daacf52c6bd3cb0b3,True,True,neutral,neutral
<start> a group of people walking down a road with a bridge <eos>,3c43c79c85a8e41fbd78cacfe47390,False,False,neutral,neutral
<start> a person riding a surfboard in the middle of a river <eos>,401efe44a688cb188fedf211b15b5128,False,False,neutral,neutral
<start> a group of people standing next to a wooden fence <eos>,ecda98af56d9b5883742322e8ca2e5,False,False,neutral,neutral
<start> a person riding a bike down a road <eos>,bd97751fd164a1d9e4a395d59b52daf,False,False,neutral,neutral
<start> a group of people standing next to each other in a field <eos>,8cf4b5b3ec965e09ec55c3ebe59f2dc,False,False,neutral,neutral
<start> a close up view of a black and white photo <eos>,51875554cc37e08472a6d7c68b999257,False,False,neutral,neutral
<start> a group of people standing next to each other on a bridge <eos>,485ee3dddb7343d1f3855a1a79d02f,False,False,neutral,neutral
<start> a man and a woman sitting at a table with a cell phone <eos>,ffee4d19968b3557ccfc3cd2bab3af71,True,True,neutral,neutral
<start> a black and white photo of a dock with a boat in the water <eos>,2fcfe9ffadaff5b752f164ff3132996,False,False,neutral,neutral
<start> a group of people standing in front of a table filled with lots of food <eos>,32c76fb5c0101f669a7174793ab2d3,False,False,neutral,neutral
<start> a group of people standing next to each other on a sidewalk <eos>,6c7027ecd77114bd0a1f52f2ecb5c2,False,False,neutral,neutral
<start> a wooden bench in front of a fence in a building <eos>,9f444255c6f38bfc2c0318cd365d711,False,False,neutral,neutral
<start> a tree in the woods in the woods <eos>,d278e3152ad362c91b3f73208eab5b62,False,False,neutral,neutral
<start> a bride and groom cutting a wedding wedding cake with a wedding cake <eos>,ac27f9be7b4c9651ea72827621aa37,True,True,neutral,neutral
<start> a close up view of a green plant in a green field <eos>,9d6860262e66dab3258ec55362f6f842,False,False,neutral,neutral
<start> a man and a woman standing next to each other holding their cell phones <eos>,d284eef131666841454d04dfbc4d16,True,True,neutral,neutral
<start> there is a mountain in the middle of the mountains <eos>,bcb0c21b0572d128fd05e6619ef4c6e,False,False,neutral,neutral
<start> a man and a woman standing next to each other holding a cell phone <eos>,e0aa5cecd19e3321672a4cf95da649e,True,True,neutral,neutral
<start> a view of a large building with a lot of trees and a building <eos>,56e2f839ae5c125718392642eca44ce,False,False,neutral,neutral
<start> a room filled with lots of furniture in a room <eos>,4187c6a764eb6c9e918ccd68e68112b6,False,False,neutral,neutral
<start> a group of people standing in the water on a surfboard <eos>,8a12ded9eb5961ce79232b2fb73ffbc,False,False,neutral,neutral
<start> a group of people sitting at a table in front of a table with a glass of wine <eos>,8959c58745b79aa53db9403bf073b57d,False,False,neutral,neutral
<start> a view of a bathroom with a toilet and a sink <eos>,98cb2de755898d9b63da5651e435623d,False,False,neutral,neutral
<start> a group of people sitting on a bench in a room <eos>,fe2e50b823dfccda9bc26031cf2c1ebb,False,False,neutral,neutral
<start> a tall clock tower on a cloudy day <eos>,4267a0997f954c4e1f9eb51339885be,False,False,neutral,neutral
<start> a window looking out a window in a house <eos>,da1dbf777e3b78c879ff9e88bdffe52d,False,False,neutral,neutral
<start> a close up view of a blue sky with a blue sky <eos>,e292141ea7a203024c262b924b9d5de,False,False,neutral,neutral
<start> two people are sitting on a boat in the water <eos>,b6365be0af24a367871030c654a4d2b1,False,False,neutral,neutral
<start> a black and white photo of a brick building with a clock on it <eos>,93238fb13a9c17836ebd9723cb8fb0,False,False,neutral,neutral
<start> there is a glass of wine on a table <eos>,b39b3dcfaa5d7c8e15bab3f5ea2a78e4,False,False,neutral,neutral
<start> a baseball player swinging a bat at a baseball game <eos>,4f5abd88d5d1557ee43515f0715cd8,False,False,neutral,neutral
<start> a close up shot of a black and white photo of a black and white bird <eos>,d9e3d543542777e9b6a9cef384eeb,False,False,neutral,neutral
<start> a group of people sitting at a table in front of a cake with a candle <eos>,c342e2adca43ae7d7fa2b7c34872be3,False,False,neutral,neutral
<start> a clock tower in the middle of a city <eos>,1ed658ba234df5bcc522c18598b2d3,False,False,neutral,neutral
<start> an elephant standing next to a body of water near some trees <eos>,3631caf39095162538dfb61803e93cb,False,False,neutral,neutral
<start> a group of people standing next to each other on the ground <eos>,7897fe212083e28e7d6a220fbaadd86,False,False,neutral,neutral
<start> a group of people standing in front of a red bus <eos>,954ba35df6665c29e1275d7b1aa54d4,False,False,neutral,neutral
<start> an old rusty fire hydrant sitting on the side of a road <eos>,b1c9f5b1c870808fcd9a69e35427e60,False,False,neutral,neutral
<start> a picture of a mountain in the middle of a mountain <eos>,7a2cb9d8d55987530cddee0b2988,False,False,neutral,neutral
<start> a black and white frisbee in the middle of a street <eos>,81c655cc63945782a7af1a6256b3366,False,False,neutral,neutral
<start> a bunch of fruits are sitting on a wooden table <eos>,9eabf7962161d528871946d137eb4a4f,False,False,neutral,neutral
<start> a group of people sitting on a bench in the street <eos>,70cae6f952d5b5e1a2b5e618cbe4db0,False,False,neutral,neutral
<start> a city street filled with lots of tall buildings <eos>,3a9ea3c6d6e4c382f9b2b5fef69293f,False,False,neutral,neutral
<start> a bunch of clocks hanging on a wall in a room <eos>,fb31e4585dcaeee3efc91c339ee5125d,False,False,neutral,neutral
<start> an old fashioned clock is sitting on top of a wooden table with a clock on it <eos>,65e334a29bab923ab3df1bf85f74b3b4,False,False,neutral,neutral
<start> a group of people standing in front of a building with a sign on it <eos>,ed657a3fa116da23f98b93fe2724a35,False,False,neutral,neutral
<start> a group of people standing in front of a building with a bunch of lights <eos>,f112fad44b908ae691e59682b998917,False,False,neutral,neutral
<start> a yellow fire hydrant sitting on the side of a dirt road <eos>,9d1d8adae1db3ec2f04ea2f88ab0e5ef,False,False,neutral,neutral
<start> a car parked in front of a parking lot <eos>,b0d2cac25f4fdb23c739a6c375e55cd,False,False,neutral,neutral
<start> a man in a suit and tie standing in front of a woman <eos>,6a288789c2686db810817ee9e3a71,True,True,neutral,male
<start> a close up view of a yellow fire hydrant on the side of a road <eos>,d67ad79c6bbf60c969eb95d86366ea,False,False,neutral,neutral
<start> a close up shot of a red bus in front of a store <eos>,43f3b5e07b13f3771e8b4c518ee879e3,False,False,neutral,neutral
<start> a baseball player holding a bat on a baseball field <eos>,ef594f8e5889b182639e3e9dc56f6a,False,False,neutral,neutral
<start> a person holding a red teddy bear in the snow <eos>,ab92a84407c657a1528315ee436fd7,False,False,neutral,neutral
<start> a group of people standing next to each other on a stage <eos>,733b6b469fe17a97714bff75b7de70,False,False,neutral,neutral
<start> a group of people standing next to each other on a beach <eos>,f046ba77d4b9fd92c6fbc3cdc53715b3,False,False,neutral,neutral
<start> a group of people standing on top of a sandy beach with a surfboard <eos>,7bb21e50f1b3e21863e576bca2622f1,False,False,neutral,neutral
<start> a statue of a statue of a statue on top of a building with a clock on it <eos>,116cdfe76996229c3a2d1abd9d3975f5,False,False,neutral,neutral
<start> there is a book on a table with a book on it <eos>,74d89f8eb88a862011965af2324cf84,False,False,neutral,neutral
<start> a pair of scissors sitting on top of a wooden cutting board <eos>,c0ceb06f3cdfb37af35a4872987a736c,False,False,neutral,neutral
